<?xml version='1.0' encoding='utf-8'?>
<!DOCTYPE hibernate-configuration PUBLIC
        "-//Hibernate/Hibernate Configuration DTD//EN"
        "http://www.hibernate.org/dtd/hibernate-configuration-3.0.dtd">
<hibernate-configuration>
  <session-factory>
    <property name="hibernate.connection.url">jdbc:mysql://localhost:3306/javafx</property>
    <property name="hibernate.connection.driver_class">com.mysql.cj.jdbc.Driver</property>
    <property name="hibernate.connection.username">root</property>
    <property name="hibernate.connection.password"/>
    <property name="hibernate.dialect">org.hibernate.dialect.MySQL8Dialect</property>
    <property name="hibernate.hbm2ddl.auto">update</property>
    <property name="hibernate.show_sql">true</property>

    <mapping class="System.Model.Users"/>
    <mapping class="System.Model.Size"/>
    <mapping class="System.Model.Product"/>
    <mapping class="System.Model.Type"/>
    <mapping class="System.Model.Customers"/>
    <mapping class="System.Model.Brand"/>
    <mapping class="System.Model.OrderItem"/>
  </session-factory>
</hibernate-configuration>